Sample ID,Day Post Infection,Log PD,PD,RBC,Temp,Weight,Mouse Categorical,Mouse,Status Number,Status,P2rx1,P2rx1.1,Lcn2,Glrx5,Ranbp10,S100a9,Fcrla,Fcrla.1,Fcrla.2,Fcrla.3,Stfa1,Epb4.1,Adipor1,Nkg7,Ngp,Flot2,Flot2.1,Abcb4,Chchd10,Chi3l1,Ank1,Ank1.1,Lck,Mllt3,Mllt3.1,Mllt3.2,Ccl5,Hp,Hp.1,Hp.2,Ctse,Hebp1,Fbxo9,Fbxo9.1,Hdc,Syvn1,Cmtm6,Prkacb,Faim3,Bnip3l,F2rl2,Trim10,Trim10.1,Trim10.2,Ltf,Lat,Chi3l3,Chi3l3.1,Mllt3.3,Hbq1,Rhag,Ltb4r1,Slpi,Rnf10,S100a8,Sell,Hcst,Fech,Fech.1,Fech.2,Id2,Id2.1,Slc25a37,Trak2,Trak2.1,Trak2.2,Ssbp3,Ssbp3.1,Ssbp3.2,Mrgpra2,Mta3,Mta3.1,Thy1,Selplg,Slc25a39,Saa3,Cd79b,Cd79b.1,Cd3d,Ltf.1,Klhl6,Klhl6.1,Klhl6.2,Retnlg,Flot2.2,Chi3l3.2,Immp2l,Ppox,Ppox.1,Rhag.1,Rhag.2,Camp,Pkig,Pkig.1,Snn,Mgst3,Mgst3.1,Urod,Flot2.3,Cd177,Cd177.1,Xpo7,Xpo7.1,Xpo7.2,Sh2d2a,Dok3,Mrgpra2.1,Aqp9,Pkig.2
8942406001_A,0,-5.0,1e-05,8.12,38.1,100.0,One,3.3,1,Survivor,-0.097622395,-0.032001495,-0.17073202,-0.081749916,-0.1844058,0.37758064,0.44549036,1.2178683,1.6295762,1.307045,0.03917694,0.02408123,0.32922268,0.058718204,-0.44742823,1.0011377,0.031189442,-0.24175215,0.32435894,-0.026205063,-0.11745453,-0.35587215,0.43212986,0.09953928,0.08323336,-0.2829504,0.2401905,0.20120478,0.19875193,0.36648226,-0.6263628,-0.013567448,-0.2441926,0.14121866,-0.17071962,0.9822905,0.7455697,0.7429819,1.5485854,0.121614456,0.08616018,-0.16269064,-0.52017355,-0.19831324,-0.5166459,0.382586,0.4194379,-0.000286,-0.46620893,0.2842369,0.08603811,0.070593834,0.63464975,-0.05591917,0.56197596,0.68957806,0.31194544,-0.012076378,-0.18178368,0.16705894,0.060145378,-0.01855135,0.06802893,0.014151096,-0.50853014,-0.4470706,-0.08458948,-0.053751945,0.01500082,-0.007795334,0.08642721,-0.03968525,0.3896284,0.43577003,-0.11798525,-0.1508069,1.3945508,1.2355118,0.6057997,-0.15757465,0.68993044,0.09954214,0.44198608,0.4298029,1.2728248,0.231318,-0.022629738,-0.031814575,-0.09308863,-0.21255493,-0.31393623,-0.22978258,0.38095474,-0.255265,1.4572868,-0.40798473,-0.36662436,-0.283391,-0.022197962,-0.055999756,0.111028194,-0.018201351,-0.101436615,-0.091249466,0.2085247,0.71866417,-0.0800271,0.043758392,-0.12688208
8942406001_B,1,-3.787812396,0.000163,8.12,38.3,96.08269859,One,3.3,1,Survivor,0.049849987,0.20644379,0.057540417,0.21085167,0.15869856,0.3547125,0.28257608,1.1134048,1.2092195,1.1411839,-0.07583523,0.20542526,0.31752968,-0.11809111,-0.18969107,0.95467854,-0.17271662,-0.05981493,0.5117712,0.3301506,-0.00910759,0.21985245,0.47499084,-0.065565586,0.17332315,0.1000433,0.12704468,-0.07279444,0.028728962,0.011523724,-0.40767097,-0.02265215,0.23659849,0.44458723,-0.52154684,0.65816236,0.5369439,0.33095455,1.3434949,0.23787594,0.047783375,-0.0788064,0.11694765,0.3326373,-0.36000204,0.24805498,0.37867498,0.000286,-0.35261106,-0.026330948,-0.1452508,-0.0840168,0.34513807,0.17807817,0.17553186,0.73589325,0.06469011,0.07670975,0.08118057,0.5095234,-0.050312042,-0.08335924,0.23899889,-0.08599043,-0.22106409,0.13906145,-0.06269884,-0.037978172,0.11427355,0.08274078,-0.098948,0.30195808,0.2368536,0.3172741,-0.15164709,-0.13659334,1.3841395,1.2981472,0.3645382,-0.1399765,0.3869338,0.19666338,0.53638077,0.32622528,1.0525517,-0.001075268,0.13346004,-0.008677483,0.039425373,-0.21933842,-0.25354004,-0.22195959,0.3433876,-0.15858293,1.2848873,-0.03798008,-0.03432226,0.15924835,0.037691355,-0.18095589,-0.036498547,0.10941744,0.37565517,0.015721321,0.18496323,0.7700777,-0.09859896,-0.033120155,-0.19437695
8942406001_C,2,-3.721246399,0.00019,8.04,38.2,94.3960827,One,3.3,1,Survivor,0.37199068,0.22624207,0.30123758,0.4105854,0.45392084,1.4746304,-0.34207964,1.0412288,1.1448808,1.1897421,0.45473576,-3.8056202,0.4401703,0.12005854,-0.29127264,0.63218784,-0.10417509,0.19709635,0.48682976,0.46797466,-0.267457,0.22687149,0.43259144,0.04159975,0.013265133,-0.14104652,0.15142441,-1.5486903,-1.4597812,-0.451921,0.08172226,0.1792531,0.23781252,-0.8695388,0.6622615,0.51624894,0.6329951,0.58148766,1.0333924,0.21776676,0.24616766,-0.24151373,-2.1421046,0.71908903,-0.34623957,0.508553,0.5203147,-0.71136475,-0.3714404,0.44566536,-0.24019575,0.25556755,0.8324599,-0.11555052,1.5080523,0.79086304,0.58507013,-4.3755636,-4.105463,0.77375126,0.03508091,0.14672804,0.5617013,-0.34201622,0.49694586,0.618443,-0.088201046,0.03247547,0.6016488,0.10718918,0.030169964,0.24618912,0.7559166,0.3722191,0.13075209,-0.10158014,1.3650975,-0.0431509,0.717618,-0.04995632,0.74372816,-0.22899675,0.66422844,1.1918516,0.4853711,0.5874419,-0.18879986,0.21739006,-0.19749784,-0.27401257,-0.40519047,-0.43355036,0.56104374,-0.09507632,1.2115622,0.07538414,0.38515997,0.7656183,-0.001198053,-0.22380924,-0.00797224,-0.33672762,0.23467827,-0.019330025,-0.097307205,-0.07479572,0.16164827,0.28692913,0.06329012
8942406001_D,3,-2.954495907,0.001110463,8.51,38.4,94.9945593,One,3.3,1,Survivor,0.08213091,0.18935204,1.4285026,0.3049717,0.25687647,1.5323067,0.13682985,0.4601407,0.6820092,0.56555843,0.3069849,0.33898544,0.26937866,-0.019136906,-0.11288023,0.6130314,-0.023287296,0.010658741,0.20591927,0.5968523,0.008553505,0.41087055,0.45231628,0.016733646,-0.002274036,-0.21071911,-0.07438755,0.580461,0.6221652,0.6128888,-0.24412441,0.048102856,0.40493917,0.36918306,0.1605277,0.571543,0.51270723,0.33547688,0.94533205,0.06855297,0.015099049,0.004505634,0.022367,0.22026396,-0.3678069,0.13948774,0.31991434,0.36161613,-0.40911055,0.24920464,-0.006032467,0.39284992,0.6624255,0.09061766,1.5371995,0.3470621,0.30747175,0.17495155,0.23316765,0.5910759,-0.017902374,0.051006794,0.3397889,-0.13565207,0.19178629,0.27112246,-0.07283449,0.027770042,-0.00198698,-0.080002785,-0.11358595,0.15363312,0.36592674,0.67328644,0.1526618,0.096823215,0.94680166,0.7557173,0.26197624,-0.06501675,0.24025583,0.002220631,0.3330183,0.8532047,0.89126635,0.39161634,0.14097786,-0.034727097,0.10800314,-0.07968044,-0.22323799,-0.33002996,0.074043274,0.08928132,0.8266611,0.12870312,0.058935642,0.1330061,-0.06574273,0.14966774,0.4891467,-0.0341115,0.12556076,0.042126656,0.003407478,0.51349926,0.46139765,0.20083714,-0.11797762
8942406001_E,4,-2.230728232,0.005878571,7.73,37.9,95.7562568,One,3.3,1,Survivor,-0.015872478,-0.00554657,0.5938859,-0.09834194,-0.3533578,1.2633142,0.12018347,0.44019365,0.61540556,0.5221615,0.21554375,-0.28328705,0.02646923,-0.3037467,-0.24478292,0.8103533,-0.11257982,-0.23076487,-0.033929825,0.70440483,-0.10762596,-0.07247162,-0.063238144,-0.004484654,0.05572462,-0.33606052,-0.63432693,0.56749487,0.39649725,0.6301055,-0.49119663,-0.24552584,-0.1108737,0.048401356,0.3118987,0.23874497,0.59376097,0.26615238,0.7684207,-0.020170212,0.049675465,0.012990475,-0.37081861,-0.2726388,-0.34206152,0.18119478,0.69505835,0.23386288,-0.4665494,-0.0826416,-0.15266371,0.35426998,1.0098271,-0.24015284,1.1695533,0.46786404,0.16591692,-0.28075218,-0.28580952,0.2711916,0.011807442,-0.007855892,-0.012131214,-0.019240856,-0.25071192,-0.22315931,-0.10128069,-0.002838135,0.02129507,-0.00561142,-0.075080395,-0.10920334,-0.004270554,0.5344248,-0.34576273,0.009473324,0.6702056,0.28630924,-0.001119614,0.03630638,0.18304682,0.027678013,0.2800064,0.71363926,1.2050452,0.45934534,-0.2027502,-0.118867874,-0.1102519,-0.1583929,-0.25522423,-0.3849864,-0.0911417,-0.059853315,0.61252785,-0.19141483,-0.13224173,-0.27526188,0.059881926,0.0879488,0.268353,-0.25836515,-0.24235249,-0.002280235,0.17573452,0.5182924,0.25547552,-0.13312912,-0.00365305
8942406001_F,5,-1.331389706,0.046624082,6.89,38.3,97.1164309,One,3.3,1,Survivor,0.08734751,0.038262367,-0.30794,0.100564,-0.1862359,0.90901756,-0.15924692,-0.008269787,0.20042086,0.15029049,0.48825932,0.3651867,0.35506248,-0.58001566,0.10476065,0.78114796,0.03689146,-0.06158495,-0.51673317,0.24832821,0.021492958,0.20733547,-0.24217701,0.102057934,0.06145239,-0.005199432,-1.5893583,0.3585124,0.36391306,0.35459185,-0.47974682,-0.004000187,0.21010542,0.0730834,1.4293647,0.13084912,0.4308715,-0.044096947,-0.07552576,0.18784618,0.25931406,-0.23454905,-0.12776232,0.10048342,0.15343714,0.08121729,1.1700149,0.94572353,-0.20051718,-0.031122208,-0.11994314,-0.0693388,0.742929,0.034807682,0.56161547,0.8777828,-0.37136412,0.05307007,0.2618494,0.68358135,0.26745033,-0.08814478,0.38065672,0.06081724,-0.18949556,0.017359257,-0.15540266,0.15401459,0.026052952,0.20129776,-0.13515902,0.053629875,-0.30944252,0.21622181,0.02033186,0.12628126,0.26623583,0.18298721,-0.27316093,0.06920433,0.19090128,0.121264935,0.20330143,0.2383728,1.0490451,1.201056,0.06359291,-0.055728912,0.06135416,-0.024328232,-0.15744877,0.010036945,-0.016626358,-0.15319228,0.16279602,0.033667564,-0.07027578,0.000719,-0.048460245,0.014486313,-0.062060833,-0.13238382,0.02623558,0.18261719,-0.23576641,0.086901665,0.5462327,0.21184349,-0.1322732
8942406001_G,6,-0.716798754,0.191955803,7.13,38.3,95.21218716,One,3.3,1,Survivor,0.048745632,0.17236996,-0.18228102,0.41242313,0.2398963,0.53747654,0.020237446,-0.4444232,-0.42185545,-0.56505585,-0.04022789,0.00871563,0.3231163,0.14391279,0.08551359,0.41451645,0.16184855,0.0190444,-0.535512,0.046334267,0.068333626,0.19818115,-0.15700817,0.04403448,-0.03582239,0.57918453,-0.26471138,-0.37507486,-0.48530245,-0.6354413,-0.20758152,0.025847912,-0.15199518,0.13499689,0.45918798,-0.4343164,-0.012287617,-0.4513998,-0.80688334,0.081516266,0.30010843,0.001691341,0.38498735,0.51621675,0.12515116,-0.10789251,0.5524993,0.4263258,0.46800947,-0.004498482,0.09310675,-0.042918205,-0.21451807,0.07094145,0.28185225,0.15732479,-0.15869379,-0.18684769,-0.001152992,-0.009160996,0.19551086,0.2446456,-0.14007998,0.14583921,0.000912,0.13526678,-0.002740383,0.15010262,-0.015064716,0.19408035,-0.24161768,0.00787735,-0.107601166,-0.30892372,0.038364887,0.07040739,-0.7208533,-0.77563095,-0.277462,-0.06335831,-0.21644449,-0.01757574,-0.15717983,-0.24719524,0.64493895,0.7148309,0.001012802,-0.001909256,0.074216366,0.09946251,0.13331318,0.20092344,-0.24873829,-0.08439326,-0.4833145,-0.043151855,0.022827625,-0.09778881,0.17289615,-0.011828423,-0.21971464,0.8478217,0.8786907,-0.06765938,0.12907028,-0.6381302,0.5032315,-0.109763145,0.0898757
8942406001_H,7,-0.190647288,0.64469264,6.82,38.4,94.50489663,One,3.3,1,Survivor,0.2465415,-0.24955273,0.22219133,-0.92378235,-1.1818786,0.88764,-0.15339613,-0.19141245,-0.2738881,-0.17508602,0.03569603,-1.5102262,-0.9301176,1.5316253,0.32451582,0.8726549,-0.14926195,-0.7651019,-0.7286453,-0.12870026,0.06797123,-0.8528328,0.9467306,-0.13635969,-0.108391285,-0.10371494,1.9673414,0.002737522,-0.008379459,0.021049023,-1.3607006,-1.2362027,-1.7246461,-0.3942771,0.70729685,-0.12201381,0.1292634,0.14290619,-0.7112508,-1.3623362,0.30382013,0.047127247,-1.1248574,-1.4195123,0.29322004,0.74665785,1.6818175,1.2974892,-0.44297934,-1.3645926,-0.25862932,0.06622696,-0.02551794,-1.2081141,0.56584597,0.26170826,0.024494648,-1.1960526,-1.4029999,-1.7534704,1.6696138,0.85421324,-2.1858773,-0.057178974,-1.2168708,-1.0738063,0.11233187,-0.27711487,-0.838532,-0.1645155,-0.10444975,-0.73795223,0.8362999,0.41098595,-1.4690862,0.33342123,-0.5735402000000001,-0.5184126,0.5523052,-0.017349243,-0.050238132,-0.016430378,-0.007318497,0.38275814,1.1119456,1.6583514,-0.89541435,-0.5039873,0.00763464,0.029735565,-0.25859165,0.28728342,-0.60334396,-0.16954112,-0.39285946,-0.8985243,-1.1161485,-1.6035986,-0.004558802,0.023627281,-0.2144885,-0.37114954,-0.23950195,-0.024510384,1.2911978,-0.38612652,0.35678625,-0.86605644,-0.023169994
8942406016_A,8,0.231413384,1.703779484,5.09,35.6,90.20674646,One,3.3,1,Survivor,0.6674237,0.29384613,1.8415475,-2.1048288,-1.8907723,1.0300341,-0.25739813,-0.8056083,-0.75844336,-0.7829313,0.064474106,-2.341957,-2.589198,1.4061666,0.43084383,0.9223871,0.007898808,-0.9046407,-0.96870995,0.38054752,-0.03380108,-1.1288986,0.7962036,0.074594975,0.14611673,-0.38432407,2.780734,0.37727022,0.4508729,0.5857043,-1.8145399,-1.9815221,-2.6224818,-0.42968416,0.50291777,-0.5885303,-0.034339428,0.22971535,-1.3034396,-2.779211,0.551497,0.02584982,-2.1851916,-3.2201915,0.18164015,0.7164159,2.9647136,2.1327505,-0.36853838,-2.966916,-0.1674695,0.24031258,0.20494795,-2.3178878,0.6732459,-0.16899681,0.07547045,-2.8244257,-2.9152431,-2.7862453,1.8316851,0.7940202,-3.9549394,-0.06970835,-1.7235255,-1.5852971,-0.053289413,-0.29557037,-1.4109044,-0.19727325,0.006683826,-1.1173773,0.43422318,0.37226582,-3.1144404,1.8425164,-1.2984195,-1.2381268,0.22825813,0.006387711,0.30364466,0.43010855,0.3930521,1.5636959,1.2209535,2.5579724,-1.852498,-0.43140316,0.043698788,-0.057929993,-0.06847668,0.13897753,-0.9578581,-1.31e-05,-1.0214214,-1.3656101,-1.5526776,-2.0142326,0.030658007,0.095534325,0.2897935,-0.55226755,-0.6814928,0.10435104,1.5344429,-0.30278778,0.36137056,-1.3877258,0.09568739
8942406016_B,9,-0.02903014,0.935340759,2.8,34.3,84.76605005,One,3.3,1,Survivor,1.6751218,1.2558365,4.451596,-0.27870178,0.104632854,3.0599623,-0.13188219,-0.0993886,-0.047962666,-0.10106182,2.2444077,-0.64789486,-1.4786453,1.7670856,3.334993,1.3541975,-0.25078917,0.25247145,0.394269,1.8929119,-0.16267967,-0.39696598,0.9344511,-0.19775915,-0.1927104,0.9165516,3.462246,2.3436675,2.29872,2.5883336,0.1603775,-1.3650079,-1.0575538,-0.30000353,2.4112144,0.48572564,1.3176885,0.6975937,-0.23634386,-1.5050983,1.6609902,-0.123102665,-1.0754905,-1.3419757,2.9311967,1.3854823,5.2047353,4.8816643,0.8229861,-2.915371,0.37593222,1.7440672,2.2392688,-1.1056542,2.1151557,1.2169628,1.2134948,-1.2958841,-1.189106,-1.1775188,2.8279533,1.5824142,-1.9828849,-0.22343397,-0.25911283,-0.16703749,-0.17583418,-0.270339,-0.65328646,-0.22771454,0.29031134,0.09284496,0.55739975,1.5222158,-1.8097177,2.4973311,-0.1130414,-0.3640833,0.5612583,0.17235947,1.4046817,0.62457705,1.4155312,3.3669806,2.1487145,4.9923368,-1.6191149,0.31333256,-0.08164835,0.35561943,0.56284714,2.7802415,0.057888985,-0.093877554,0.04390049,-0.32315254,0.039238453,1.1958284,-0.010446787,0.8970804,2.270536,0.09785223,0.6246605,-0.080677986,1.7376451,1.2371216,1.8308558,-0.8346062,-0.036353588
8942406016_C,10,-0.293263061,0.509022452,1.37,31.8,79.43416757,One,3.3,1,Survivor,2.1614833,2.1987486,3.6173577,0.73295116,1.8625779,2.6801176,0.14506292,0.8856778,1.0016303,0.99089146,2.8892288,0.28082275,-0.24887562,1.0146766,2.7883153,1.5448542,-0.29109907,1.4975753,2.8376007,1.5087347,0.08384228,1.1801939,0.40333366,0.17928457,-0.20945978,2.0871763,2.630663,1.5794473,1.672646,2.0102,1.6093321,0.70137644,0.83365965,0.39882708,1.8707738,0.7775128,1.3983474,0.7238836,0.87672186,-0.08863354,2.3152013,-0.38878393,0.5327544,0.8396468,2.5439057,1.8371902,4.6616874,4.244055,1.4694715,-1.6655931,1.6378274,1.8724566,2.6636748,0.20804358,1.9887385,1.1005182,0.9031682,-0.034650803,0.25845146,0.39248753,2.1573963,1.1998868,0.16197824,0.46070337,1.8245339,2.144999,-0.25919962,0.075811386,0.5315347,-0.4406929,0.4335847,1.4111986,0.393425,1.2232466,-0.34153605,1.5459132,1.162457,0.9642267,0.38793373,-0.28888226,1.5342898,0.43010473,1.4386234,2.8430471,2.1277518,4.6222672,-0.83801174,1.5853949,0.54397726,1.4102316,1.7704296,2.3544383,1.3997555,-0.13890433,1.0588989,2.1075897,2.2865186,3.2693672,-0.012704134,0.9992695,2.1797547,0.750546,1.2322264,-0.22166252,1.2863226,1.3470135,0.9904475,0.031105042,-0.14762545
8942406016_D,11,-0.937722264,0.115419114,2.06,33.8,80.57671382,One,3.3,1,Survivor,1.0991473,0.7291956,1.6986918,1.6030169,2.2785363,0.95573235,-0.14986849,0.4345765,0.419003,0.31938362,1.9925575,1.6140184,0.43506432,0.09858751,1.00699,0.13267612,-0.08341646,1.70925,3.7364092,0.2950325,0.4045124,1.4191847,0.13562965,0.16759348,-0.04371786,2.3339024,1.552,1.012713,1.0139432,0.99850416,2.1476202,1.219213,1.7495008,1.2260203,0.20040274,0.056947947,0.55355597,0.07709026,0.7146325,0.2719469,1.1102834,-0.12567472,1.742867,1.4922538,1.1740499,0.6563878,4.1767592,3.7645273,2.1976705,-0.43668175,2.116817,1.2316208,1.3408914,0.6057143,0.76402044,0.35532093,0.23697805,1.4251013,1.3707743,0.7971878,0.9282427,0.27356482,0.5558591,1.2987628,2.027124,2.4119058,-0.07507467,0.4799013,1.1995282,-0.003462791,0.49486494,2.3590078,-0.26782417,0.34154892,0.72643137,0.5123563,0.36558962,0.2552185,-0.5928745,-0.072520256,0.24015188,0.093259335,0.09876633,0.7393713,0.82568026,4.105146,-0.001012802,2.0047855,0.77446127,2.2417068,2.5011835,1.1633706,2.0677862,0.2941172,0.5617933,2.8059378,2.8467078,3.4121122,0.11489558,0.37834835,1.168056,1.620729,2.0057793,-0.0702467,0.24038124,0.16694736,0.6032586,0.68305016,-0.164886
8942406016_E,12,-1.287602473,0.051570047,3.55,36.1,86.94232862,One,3.3,1,Survivor,0.43378782,-0.15526962,0.75129366,1.781066,2.1070323,0.7983608,0.051194668,0.3852315,0.30022573,0.46012402,2.3558912,2.0115519,0.5710459,0.45035124,0.46837473,0.045601845,0.056950092,1.5178161,3.3048725,0.05767727,0.23796082,1.5612259,0.113409996,0.4439025,-0.054383755,3.0370846,1.4838915,0.6623702,0.6605077,0.73975706,2.4027977,1.8915124,1.628345,1.1222558,-0.12853003,0.055174112,0.17345858,-0.25323963,0.6703429,0.2971449,0.1376996,-0.18104696,2.5657458,1.9760375,0.34454775,-0.035389423,3.0325103,2.5209007,2.610579,0.13621521,2.1650195,0.806262,0.44054747,0.5676265,0.7675977,0.18672371,0.33566618,1.2971354,1.4170923,0.7703085,0.58396244,0.006084919,0.6029916,0.86166716,2.1796317,2.5034356,-0.06574583,0.720809,1.649364,0.032993317,0.55346155,2.2704964,0.08973694,0.19594193,1.1164432,0.15478563,0.1653285,0.07987785,-0.2008276,-0.048505783,-0.20974398,-0.012813091,-0.19840431,-0.026402473,0.47971582,2.985911,-0.096842766,1.5993834,0.7046933,1.9974499,2.3326607,0.5335107,2.0337553,0.38871503,0.26980686,2.843274,2.864449,3.214861,-0.20450282,0.28768444,0.6445718,1.887568,2.4115105,0.01925373,-0.25277996,-0.4348812,0.29316092,0.6410198,-0.009517193
8942406016_F,13,-1.431430795,0.037031321,5.24,37.4,91.94776931,One,3.3,1,Survivor,0.28783274,-0.22302055,-0.56436586,0.9162836,2.4430785,-2.1160355,-0.22142172,-0.3425784,-0.3059001,-0.3698063,0.07841015,2.8267002,0.7145901,-0.8925681,-0.22458029,-0.14866924,-0.3660159,2.2618632,0.7623701,-0.022909164,0.9817524,3.2217627,0.644763,0.88488054,-0.1078639,2.320774,0.32734776,-0.5870547,-0.62237406,-0.40630865,2.078847,0.69270945,1.7535939,1.1659837,-0.6747737,-0.35931563,0.3817792,-0.23129559,-0.46438646,0.30339527,0.32986307,0.06534052,1.9692369,1.2517524,0.08171797,-0.36959696,0.9687762,0.74179745,1.0109029,-1.5998726,1.7598414,-0.11080456,-1.3026748,0.6156287,-2.475408,0.19230175,-0.8948817,2.877615,2.1557274,2.2181873,0.24485302,0.105222225,0.63563013,3.0445771,3.0381742,3.5452456,0.14965963,0.59316635,2.5853715,-0.20917034,0.84715986,2.484168,-0.40977192,-0.77515125,1.4158845,-0.20779037,-1.193419,-1.2378101,-1.34865,0.05933094,-0.3066535,0.32370138,-0.22586346,-2.4919786,0.060014248,0.6829219,-0.2982893,0.9092951,0.592669,2.031187,1.9009504,-0.46359634,0.9916887,0.1822474,-0.6330538,0.24360752,-0.0071311,2.0677643,-0.002717733,0.18697453,0.33149576,2.8106866,3.0530405,-0.18570805,-0.13901424,-0.91991043,-0.02112627,1.2970333,-0.117524624
8942406016_G,14,-1.816707887,0.015250782,6.34,38.3,94.3960827,One,3.3,1,Survivor,-0.4022622,-0.37088394,-0.594769,0.6662741,-0.4822774,-1.3958216,-0.07034063,-1.0228524,-0.78436136,-0.9887657,0.25970554,1.321002,-0.020078659,-0.9432416,-0.006863117,-0.11158466,0.25415373,-0.22709703,-0.44795704,-0.39497185,0.2205658,-0.643795,-1.0621014,0.027516842,0.06631899,0.6766548,-0.042424202,-0.9570308,-0.94655466,-1.0520959,-0.77780914,-0.23261595,-0.25722265,0.14023733,-1.4484115,-1.1762455,-1.2121463,-1.0013437,-1.403954,0.48012543,-0.30267382,0.08988619,-0.06837225,-1.1388078,-0.04327154,-0.7366128,-0.41067076,-0.4767208,-0.250134,-0.07397747,0.27331018,-0.31349754,-1.4746423,-0.6796298,-1.4865823,-1.5811367,-0.46285582,0.46355247,0.8423586,-0.46023655,-0.122320175,0.04457712,-0.006625652,0.12242651,-0.69095373,-0.22224951,0.14417887,-0.12295723,-0.18598127,0.015443802,-0.24336672,0.17732716,-0.95921993,-1.6337318,0.23607397,0.049930096,-2.1173806,-1.5449352,-1.4217482,0.17612648,-1.3832555,-0.18610907,-1.4802971,-2.1651983,-0.3533864,-0.70094156,0.020812988,-0.28897762,0.15063429,0.46944714,0.33735275,-0.12634039,-0.055538177,0.13722062,-1.6665039,-0.4842186,-0.77977705,0.21068287,0.12595439,-0.05213833,-0.20147753,0.020915508,1.0417681,-0.019212723,-0.46689796,-1.6193647,-0.32109594,-0.60392666,0.010124207
8942406019_A,16,-1.533671224,0.029263669,7.15,38.2,95.32100109,One,3.3,1,Survivor,-0.2811718,-0.44717598,-0.2668376,1.6897516,0.8902116,-1.6222734,-0.21814966,-1.114038,-0.8289504,-0.9799242,-0.18099308,1.7818232,0.57174015,-0.8063865,0.19827223,0.11700058,0.12260389,0.09990263,0.53489494,-0.31555843,0.17538452,0.58349705,-0.89322853,0.35352468,0.17359877,0.5265951,-0.4133358,-0.75964594,-0.6106267,-0.91257906,0.61420345,0.92585516,0.93930197,0.8876128,-1.1741252,-0.9454992,-0.9811187,-1.0682688,-1.2193923,0.616663,-0.43638754,-0.002716065,1.260324,0.6315255,0.2683835,-0.8093858,-0.9533105,-0.4389639,0.65926886,0.1580801,0.5279231,-0.27268505,-1.2662196,0.9133334,-2.0154614,-1.3747396,-0.5293107,1.427391,1.3068762,0.6255541,-0.30425453,-0.2427206,0.9365792,0.27457094,0.4260335,0.8311572,0.06701851,0.44515038,0.86704206,0.29442692,0.1628356,0.9552212,-0.9562397,-1.1833582,1.0115466,0.081532955,-1.6422095,-1.3262844,-1.1531496,-0.02091837,-1.4761558,-0.14883852,-1.461669,-1.8008327,-0.1484847,-1.2934031,0.5031929,0.057432175,0.14578962,0.85218716,0.7379408,0.105213165,0.77782726,0.1514337,-1.2231636,0.34515953,0.34614325,0.96912,0.14710784,-0.09728527,-0.016199589,1.2357249,1.6115007,0.14667416,-0.40969086,-1.2549744,-0.20673513,0.28015804,0.10825825
8942406019_B,17,-2.058591985,0.008737919,6.36,38.1,97.98694233,One,3.3,1,Survivor,-0.19691706,-0.20085812,0.10225344,1.3920298,0.7615886,-0.90394497,-0.14699125,-0.26972055,-0.29338694,-0.16546535,-0.057198524,1.4295015,0.7265024,-0.316113,0.6622844,0.20305538,0.2784381,-0.05349779,-0.12684727,-0.2672863,-0.07931805,0.28238773,-0.2832079,0.04983759,0.11270285,0.48257446,0.20086479,-0.39467287,-0.4120965,-0.5597472,0.7787714,0.9227147,1.0445733,0.8901429,-0.71096945,-0.56770396,-0.53378534,-0.65462875,-0.4786601,0.6291485,-0.1859107,0.062930584,0.64923906,0.35441923,0.576736,-0.35901213,-0.18541479,-0.14371777,0.09495306,1.3261929,0.52008677,0.03392315,-0.786674,0.81552935,-0.9640851,-0.5097637,-0.19324541,1.36098,1.2804918,0.57942486,-0.13960457,-0.1090579,0.8320718,0.031710625,0.1392684,0.47965765,0.043672085,0.26950455,0.7395339,0.3959818,-0.104739666,0.7403383,-0.447114,-0.6219368,1.0175261,0.014386654,-0.54768896,-0.5734558,-0.5743418,0.034026623,-0.6604142,-0.15015173,-0.6067972,-0.44676018,0.2084136,-0.31784678,0.9964733,0.06280327,0.04846239,0.56202316,0.31335545,0.6871095,0.9684801,0.027958155,-0.5836439,0.049248695,0.0071311,0.7447262,0.08681321,-0.032795906,0.15788412,0.7694478,1.0393391,0.2097578,-0.26412487,-0.8247938,-0.2977004,0.5139141,-0.012317658
8942406019_C,18,-3.016824928,0.000962,5.63,37.8,97.00761697,One,3.3,1,Survivor,-0.20163393,-0.013801575,0.053748608,1.0535746,0.6298318,-0.47412872,0.003227711,-0.13987017,-0.0733695,0.07040882,-0.05137539,0.48746014,0.6440153,-0.14417696,0.2809863,0.7042093,0.14511251,-0.16019106,-0.15244865,-0.06377888,0.19919205,0.019381523,-0.09687233,0.21023035,0.004881382,0.28040695,0.93202305,-0.19269228,-0.53901434,-0.78531027,0.6222153,0.64398146,0.7163806,0.4872861,-0.6523099,-0.44688392,-0.2295413,-0.17912197,-0.10301256,0.5742407,-0.033689022,0.035711765,0.27050924,0.37954855,0.48669958,-0.18331099,-0.64687586,-0.6013136,0.043326855,0.9995909,0.1509366,0.14366245,-0.47647238,0.26968813,-0.33092546,-0.330678,0.04866934,0.44946957,0.63500595,0.57566833,0.029251099,-0.08394098,0.46863127,0.1897645,-0.000912,0.5756955,0.024384499,0.23424721,0.36860514,0.11655426,-0.20229673,0.33865643,0.026935577,-0.3848877,0.48980093,-0.08488846,-0.27172232,-0.46726513,-0.1343708,0.08959293,-0.3123994,-0.21675062,-0.3361807,-0.17904663,0.82918215,-0.7399545,1.0473251,-0.023932457,-0.1291318,-0.0357275,0.08507252,0.56489134,0.72183037,1.31e-05,-0.35545063,-0.015904427,0.07221174,0.57376003,-0.015664339,0.037843704,-0.18907118,0.63495207,0.96491337,0.12446976,-0.021707535,-0.6661148,-0.14737844,0.24173927,-0.083809376
8942406019_D,19,-3.995678626,0.000101,6.65,37.5,98.09575626,One,3.3,1,Survivor,0.05646658,-0.102108,-0.2889943,1.0062819,0.551209,-0.7981577,-0.102011204,-0.44843912,-0.03989935,-0.30281353,-0.03776741,0.7691555,0.3225479,-0.2502036,0.3304286,0.2176609,0.17668486,-0.07362509,-0.13250542,-0.32133198,0.09416199,0.11893749,-0.24869347,0.049216747,0.105287075,-0.05583,0.6517229,-0.76524687,-0.699985,-0.9498143,0.18098545,0.47622633,0.6906867,0.4532857,-0.6374631,-0.609349,-0.36497927,-0.63083935,-0.24769545,0.39777946,-0.014337063,-0.053619385,0.39320612,0.015226841,0.21078634,-0.36939573,-1.0742307,-0.5502653,-0.3574252,0.49661446,0.13946104,-0.052009583,-0.44432116,0.4661374,-0.91300154,-0.75882053,-0.030390263,0.6927862,0.71117496,0.4419613,0.005491257,-0.06966448,0.54882,-0.0178051,-0.08927393,0.35555315,0.04158449,0.26692104,0.42532015,0.2055912,-0.11233091,0.4172325,-0.24626637,-0.46023178,0.7373071,-0.15538931,-0.38230658,-0.31229496,-0.37269306,0.01670456,-0.5340667,0.106847286,-0.4958992,-0.44245148,0.09508371,-1.4352927,0.91368675,-0.16592503,0.10655165,0.2418108,0.05779934,0.3504157,0.4257126,-0.010222673,-0.43679333,0.006846428,0.104815006,0.55596066,0.03362727,-0.09841156,-0.12917757,0.42379808,0.74607754,0.09249687,-0.06023693,-0.958972,-0.06385279,0.2279892,-0.042652607
8942406019_E,20,-3.374687549,0.000422,6.16,37.8,97.71490751,One,3.3,1,Survivor,0.12267256,0.036413193,-0.24975824,0.8751497,0.55869913,-0.55323696,-0.14157438,-0.4083743,-0.06839514,-0.27389336,-0.06322479,0.83777905,0.6524286,-0.49887705,0.2815299,0.18960762,0.05080843,0.13410997,-0.1599865,-0.3015566,0.092782974,0.14604473,-0.698575,0.08916807,0.03864622,0.39641476,-0.039118767,-0.7368541,-0.7548995,-0.86141443,0.45141792,0.4210515,0.71828127,0.43177938,-0.79019976,-0.6031034,-0.37927866,-0.55537224,-0.356112,0.54916286,0.078807354,-0.002430916,0.32228327,0.28853464,-0.010282993,-0.29587603,-0.63096,-0.47377014,-0.026466846,0.9178257,0.08400202,-0.25868607,-0.54332685,0.41650152,-0.7124362,-0.7089815,-0.23348379,0.5751791,0.7498064,0.8589649,0.06803894,0.005866528,0.4809451,0.013242245,0.09638357,0.48338842,0.11799383,0.2343502,0.45282698,0.052980423,-0.019456387,0.40028667,-0.4679041,-0.6313801,0.31274843,-0.09271288,-0.73679495,-0.58821297,-0.48426342,-0.033682346,-0.4175229,-0.05387354,-0.48065758,-0.67444706,0.113070965,-0.99872446,0.3850994,-0.19272327,-0.018378735,0.011854172,0.24105549,0.08313608,0.19752789,-0.10134244,-0.37926388,0.09558201,0.023143291,0.46456718,-0.039264917,-0.10487747,-0.13888502,0.45376348,0.5098562,0.028988838,-0.35255718,-0.7979927,-0.24867392,0.19709396,0.01257515
8942406019_F,21,-5.0,1e-05,6.6,38.0,98.09575626,One,3.3,1,Survivor,-0.09743643,-0.06600666,-0.33630323,0.34597874,-0.20947409,-0.73430157,-0.05682516,-0.4730754,-0.45937395,-0.5097294,-0.06017685,0.42670822,0.16623497,-0.79134226,0.091496944,0.38489914,0.15039682,-0.29829836,-0.28748894,-0.3002243,0.003852844,-0.14836884,-0.60914516,0.15471506,0.12591982,-0.019676208,-0.51884174,-0.70957136,-0.6415429,-1.0611491,-0.54963493,0.2664771,0.022806644,0.29939604,-0.6147704,-0.6667707,-0.56888056,-0.77521515,-0.4915309,0.20721722,0.16196871,-0.022564888,-0.109395504,-0.1877675,0.10087824,-0.43997812,-0.97180986,-0.5472913,-0.09927416,0.41629696,-0.1368823,-0.22550201,-0.61236715,0.13893461,-0.83539534,-0.934392,-0.28130674,0.25492,0.21033192,0.2837534,-0.25774384,0.065822124,0.50823545,-0.15550613,-0.5130801,-0.30215406,0.023267746,0.08747578,0.034990788,0.1919384,-0.1839242,0.006361961,-0.457942,-0.99692917,0.29454565,-0.07247734,-0.8479295,-0.72335625,-0.8244457,0.13698578,-0.69605875,0.07084036,-0.6796341,-0.7585516,0.34543085,-1.2314506,0.7239952,-0.23317719,0.035849094,0.007223129,-0.074121475,-0.14021921,-0.21571922,-0.06615329,-0.40672588,-0.22936535,-0.19391203,0.09087658,-0.20785165,-0.053155422,-0.33136988,-0.01111269,0.23691559,0.07030773,-0.27296925,-1.1646471,-0.15491915,-0.23526764,0.070236206
8942406019_G,22,-5.0,1e-05,6.79,38.2,95.70184984,One,3.3,1,Survivor,0.001500607,-0.2158184,0.11558199,0.79268074,0.010446072,-0.13161945,-0.0245471,0.23503351,0.26043844,0.27187538,0.028301239,0.59481525,0.7853775,-0.7692189,-0.11382151,0.56240654,0.18401575,-0.25503492,-0.344532,0.003448486,0.15052128,-0.08496475,-0.08714676,0.22990751,-5.25e-06,0.3503971,-0.09575081,-0.5059228,-0.58713484,-0.66239786,0.052178383,0.5345273,0.2640996,0.25751734,-0.72568274,-0.4298675,-0.19464731,-0.5414562,0.17366171,0.4940195,0.088382244,0.045532703,-0.105131626,-0.23393106,0.07072973,-0.15016031,-0.5929847,-0.5109396,-0.25216532,1.3263149,-0.16954088,-0.293684,0.088060856,0.032760143,-0.046288967,-0.40324402,-0.043269634,0.35050774,0.60338306,0.8852787,-0.03154564,0.17259741,0.6705756,-0.079996586,-0.5276418,0.012841702,0.06660366,0.27200508,0.69946337,-0.050131798,0.26042604,0.09228039,-0.110440254,-0.41020584,0.5209546,0.05870056,-0.29586458,-0.22470188,-0.63053226,0.06518459,-0.34523916,0.09163809,-0.45205402,0.087747574,0.38730192,-0.7915721,0.31691456,-0.23273373,0.17584372,0.065449715,0.024277687,0.06598234,0.34841824,-0.07041764,-0.3624487,0.024808884,-0.03518343,0.60384846,0.027664423,0.07444382,-0.25066805,0.0637908,0.68731785,0.038038254,-0.26495934,-0.8286724,-0.20703077,-0.00165844,-0.007278919
8942406019_H,23,-5.0,1e-05,7.17,38.3,100.2176279,One,3.3,1,Survivor,-0.25744963,-0.051805496,-0.23472643,-0.06243801,-0.5865731,-0.4089098,-0.003227711,-0.117592335,0.24287844,-0.07651329,0.093642235,-0.019364357,0.017998695,-0.6175847,-0.0812211,0.5971937,0.06342745,-0.45152712,-0.39304638,-0.17130375,0.16792297,-0.42796707,-0.2849512,-0.077245235,-0.03828764,-0.41295147,-0.20366478,-0.5552974,-0.4179368,-0.6415906,-0.8069868,-0.036283016,-0.23245764,0.15913439,-0.9376321,-0.20421004,-0.31469393,-0.27833462,-0.099755764,0.08646679,-0.021391392,0.05373144,-0.46126223,-0.48713064,-0.15185308,-0.11300421,-0.59492826,-0.36697292,-0.4185176,0.17812347,-0.13193941,-0.1964531,-0.44160128,-0.39155054,-0.25237513,-0.40170956,-0.10373354,-0.010767937,0.08899975,0.12892628,-0.0164814,0.055252552,0.22843695,0.13146448,-0.79073477,-0.5379586,0.032310963,0.013836861,-0.20862627,0.005472183,-0.024719715,-0.062461853,-0.27252388,-0.627738,-0.04137945,0.06729746,0.07214594,0.06748581,-0.41367626,-0.07873297,-0.37136698,0.17086172,-0.14217186,-0.15941143,0.5850625,-1.1675706,0.81748104,-0.12622833,-0.030982494,-0.03140068,-0.26153183,0.021286488,0.079229355,-0.028356314,-0.18342304,-0.3303032,-0.6107402,-0.29484653,0.18264318,0.009325028,-0.05162096,-0.1967578,-0.16104698,0.037864685,-0.19974709,-0.5966625,-0.28095198,-0.3232832,-0.07716131
8942406040_A,24,-5.0,1e-05,7.48,38.3,101.6866159,One,3.3,1,Survivor,-0.1747756,-0.112623215,0.41450644,0.128582,-0.16836977,0.7458677,0.2004199,0.17699862,0.28455687,0.24151802,0.13507175,0.2568655,-0.31407166,-0.09798384,-0.15918589,-0.06686783,-0.01196146,0.008368015,0.16749477,0.20235825,0.027147293,-0.001506805,0.16491222,-0.029044628,0.110387325,-0.65024185,0.4013424,0.5457654,0.46806955,0.4540124,-0.38120747,-0.10071802,-0.2600541,-0.4093814,1.0221105,0.29304814,0.000772,-0.43413258,0.6034217,0.12257671,-0.06877279,0.14082098,-0.25836897,-0.53180265,-0.11710024,-0.054668903,-0.6490226,-0.36821938,-0.3619094,-0.56706715,-0.103927135,0.38455677,0.72628736,0.44483614,0.060571194,-0.08065128,0.20916986,0.045125008,0.11564064,-0.24099731,-0.12551975,-0.05860567,0.13447714,-0.12105131,-0.43316603,-0.46950293,-0.033188343,0.12130833,-0.20989847,-0.023321152,0.015028477,-0.006361961,0.23059845,0.4534874,0.33942652,-0.18425322,0.37005186,0.6843872,-0.12796116,0.042456627,-0.15746641,-0.056001186,-0.11239147,0.14151287,-0.36647272,-0.8717885,0.21774578,-0.13755131,-0.11489344,-0.4946108,-0.44156647,-0.20752764,-0.09501648,0.049087763,0.369812,-0.6204729,-0.5899625,-0.4623661,-0.027581453,-0.0651083,0.15872145,-0.08186388,-0.06398773,0.090400696,-0.16693687,0.11874771,0.07902479,0.14687634,0.060628414
8942406040_B,25,-2.981400599,0.001043757,7.49,38.0,100.9793254,One,3.3,1,Survivor,-0.03508234,-0.2937355,0.3645196,0.37814617,-0.44222403,0.59123516,0.136415,0.28606462,0.13822699,0.27722454,0.2600441,0.118388176,-0.11726093,-0.3647008,-0.003198147,-0.27803802,0.0676198,-0.26276922,0.21006775,0.082387924,-0.113287926,-0.3040266,-0.068367004,0.07273531,0.059751987,-0.44156742,0.02250576,-0.07997656,-0.03347826,-0.013089657,-0.6341877,0.09682417,-0.31492758,-0.42077875,1.8015275,0.086694,0.055365086,-0.5005846,0.59266806,0.024347305,-0.11694479,0.15918303,-0.30710268,-0.63955736,-0.25043535,-0.081763744,-0.92859507,-0.21554756,-0.033515453,0.29024792,0.1446538,-0.093239784,0.5272355,0.10456991,-0.014242649,-0.39152527,0.04481554,0.10314369,0.15352535,-0.06264305,-0.20663357,0.002959728,0.13419962,-0.25750303,-0.944283,-0.72044134,-0.003418446,-0.032447815,-0.33452368,0.40727997,0.011802197,0.27166843,0.25246143,-0.14619255,0.42824793,0.05222082,0.46271276,0.43676567,-0.22732735,-0.1318264,-0.2133441,0.047264576,-0.20228481,-0.18832779,-0.5862632,-0.91950655,0.28076458,-0.2809639,-0.04526186,-0.18348217,-0.28740406,-0.25697756,0.053956985,-0.070097685,0.28669834,-0.16568756,-0.40243006,-0.27268028,-0.11822915,-0.040735245,-0.098144054,-0.28209066,0.1911993,0.020041466,-0.13241577,-0.30342102,0.23223066,-0.0584507,-0.17998552
